Qty,Value,Device,Package,Parts,Description,CATEGORY
3,,PINHD-1X1,1X01,"TP_5V, TP_GND, TP_RST",PIN HEADER,
2,,PINHD-1X2,1X02,"JP4, JP5",PIN HEADER,
1,,PINHD-1X3,1X03,JP3,PIN HEADER,
2,,PINHD-2X5,2X05,"JP1, JP2",PIN HEADER,
2,0.1uF,C-US_CHIP-1206(3216-METRIC),CAPC3216X135,"C1, C2",Capacitor - ANSI,Capacitor
24,10K,R-US_CHIP-0805(2012-METRIC),RESC2012X65,"R1, R2, R3, R5, R7, R8, R9, R10, R11, R12, R13, R14, R15, R16, R17, R18, R19, R20, R21, R22, R23, R24, R26, R27",Resistor Fixed - ANSI,Resistor
2,160,R-US_CHIP-0805(2012-METRIC),RESC2012X65,"R4, R6",Resistor Fixed - ANSI,Resistor
2,4606X-101-103LF,4606X-101-103LF,4606X102103LF,"RN1, RN2","5-bussed thick film resistor,10K 0.2W Bourns Bussed Resistor Network 10k +/-2% 5 Resistors, 0.75W Total, SIP package 4600X Through Hole",
1,55,R-US_CHIP-0805(2012-METRIC),RESC2012X65,R25,Resistor Fixed - ANSI,Resistor
2,"74HC4067PW,118","74HC4067PW,118",SOP65P640X110-24N,"IC1, IC2",74HC(T)4067 - 16-channel analog multiplexer/demultiplexer@en-us,
1,,B2B-PH-K,B2B-PH-K,P5,HEADER,
1,,B2B-PH-K,B2B-PH-K,P7,HEADER,
1,,ARDUINO.INV.PRO.MICRO,ARDUINO_INV_PRO_MICRO,U$1,,
1,,B2B-PH-K,B2B-PH-K,P2A,HEADER,
1,,B2B-PH-K,B2B-PH-K,P2,HEADER,
1,,B2B-PH-K,B2B-PH-K,P4,HEADER,
1,,B3B-PH-K,B3B-PH-K,P6,HEADER,
1,,B6B-PH-K,B6B-PH-K,P13,HEADER,
1,,B3B-PH-K,B3B-PH-K,P15,HEADER,
1,,B2B-PH-K,B2B-PH-K,P12,HEADER,
1,,B2B-PH-K,B2B-PH-K,P14,HEADER,
1,,B2B-PH-K,B2B-PH-K,P3A,HEADER,
1,,B2B-PH-K,B2B-PH-K,P3,HEADER,
1,,B3B-PH-K,B3B-PH-K,P11,HEADER,
1,,B3B-PH-K,B3B-PH-K,P9,HEADER,
1,,B3B-PH-K,B3B-PH-K,P10,HEADER,
1,,B2B-PH-K,B2B-PH-K,P8,HEADER,
1,,B3B-PH-K,B3B-PH-K,P1,HEADER,
