Qty,Value,Device,Package,Parts,Description,CATEGORY
2,0.1uF,C-US_CHIP-1206(3216-METRIC),CAPC3216X135,"C1, C2",Capacitor - ANSI,Capacitor
24,10K,R-US_CHIP-0805(2012-METRIC),RESC2012X65,"R1, R2, R3, R5, R7, R8, R9, R10, R11, R12, R13, R14, R15, R16, R17, R18, R19, R20, R21, R22, R23, R24, R26, R27",Resistor Fixed - ANSI,Resistor
2,160,R-US_CHIP-0805(2012-METRIC),RESC2012X65,"R4, R6",Resistor Fixed - ANSI,Resistor
1,55,R-US_CHIP-0805(2012-METRIC),RESC2012X65,R25,Resistor Fixed - ANSI,Resistor
2,"74HC4067PW,118","74HC4067PW,118",SOP65P640X110-24N,"IC1, IC2",74HC(T)4067 - 16-channel analog multiplexer/demultiplexer@en-us,
