Name,X,Y,Angle,Value,Package
JP1,10.54,18.87,0,,2X05
JP2,71.88,37.85,90,,2X05
JP3,22.35,25.65,0,,1X03
JP4,6.86,54.1,90,,1X02
JP5,6.86,59.94,90,,1X02
P1,13.97,54.61,90,RAMP.SW,B3B-PH-K
P10,26.67,11.43,90,LOCK.MID,B3B-PH-K
P11,36.83,11.43,90,LOCK.AFT,B3B-PH-K
P12,46.99,10.41,90,GEAR,B2B-PH-K
P13,74.68,14.99,180,FLAP,B6B-PH-K
P14,59.69,13.97,90,HYD.PUMP,B2B-PH-K
P15,79.76,26.67,180,FLAP.ALTN,B3B-PH-K
P2,29.21,53.59,90,CAUT.SW,B2B-PH-K
P2A,29.21,62.23,90,CAUT.LT,B2B-PH-K
P3,40.39,53.59,90,JUMP.SW,B2B-PH-K
P3A,40.64,62.23,90,JUMP.LT,B2B-PH-K
P4,79.5,54.61,180,CHUTE,B2B-PH-K
P5,6.35,10.41,90,AIR.DEFLECT,B2B-PH-K
P6,54.61,54.61,90,COMP.DROP,B3B-PH-K
P7,79.5,44.45,180,ALARM,B2B-PH-K
P8,13.97,63.51,90,RAMP.LT,B2B-PH-K
P9,16.51,11.43,90,LOCK.FWD,B3B-PH-K
RN1,9.32,25.6,0,4606X-101-103LF,4606X102103LF
RN2,64.06,36.57,90,4606X-101-103LF,4606X102103LF
TP_5V,50.29,66.04,0,,1X01
TP_GND,54.36,66.04,0,,1X01
TP_RST,45.47,66.04,0,,1X01
U$1,17.78,38.1,90,ARDUINO.INV.PRO.MICRO,ARDUINO_INV_PRO_MICRO
